scheme_id,name,description,min_age,max_age,categories,max_income,states,education_level,gender,benefit,application_link,deadline,verified
SCH001,National Means-cum-Merit Scholarship (NMMS),Central scheme supporting meritorious students from economically weaker sections to prevent dropout after Class 8; selection via state-level Mental Ability Test and Scholastic Aptitude Test,13,20,All,350000,All,Class 9-12,All,"₹12,000 per year",https://scholarships.gov.in,2026-11-30,yes
SCH002,Central Sector Scheme of Scholarship (CSSS / PM-USP),Central scholarship for meritorious college and university students scoring above the 80th percentile in Class 12 boards,17,30,All,450000,All,Undergraduate/Postgraduate,All,"₹12,000/year (UG), ₹20,000/year (PG)",https://scholarships.gov.in,2026-10-31,yes
SCH003,PM-YASASVI Scholarship,Central scholarship for OBC EBC and DNT category students to support school education and reduce dropout,13,20,OBC,250000,All,Class 9-12,All,"Up to ₹75,000 (Class 9-10) or ₹1.25 lakh (Class 11-12) per year",https://scholarships.gov.in,2026-08-31,yes
SCH004,AICTE Pragati Scholarship for Girls,Scholarship for girl students admitted to AICTE-approved technical diploma or degree programmes; up to two girls per family may apply,17,30,All,800000,All,Diploma/Undergraduate (Technical),Female,"₹50,000 per year",https://scholarships.gov.in,2026-10-31,yes
SCH005,Post Matric Scholarship for SC Students,Central scheme covering tuition and maintenance costs for SC category students pursuing post-matriculation studies,15,35,SC,250000,All,Class 11 and above,All,"Full tuition fee + maintenance allowance (varies by course/state)",https://scholarships.gov.in,2026-10-31,unverified-review-before-use
SCH006,National Fellowship for OBC Students,UGC fellowship supporting OBC candidates pursuing MPhil and PhD in Indian universities,,35,OBC,600000,All,MPhil/PhD,All,"Monthly fellowship + contingency grant (as per UGC norms)",https://scholarships.gov.in,2026-09-30,unverified-review-before-use
SCH007,INSPIRE Scholarship for Higher Education (SHE),DST scheme for top-ranking students pursuing natural/basic science courses at undergraduate and integrated master's level,17,22,All,,All,Undergraduate (Science),All,"₹80,000 per year",https://online-inspire.gov.in,2026-09-30,unverified-review-before-use
SCH008,Kishore Vaigyanik Protsahan Yojana (KVPY/VIGYAN),DST fellowship encouraging students to pursue basic science research careers,16,22,All,,All,Class 11 - PhD (Science),All,"Monthly fellowship + annual contingency",https://scholarships.gov.in,2026-09-30,unverified-review-before-use
SCH009,Karnataka Post Matric Scholarship (OBC),State scheme for OBC category students from Karnataka pursuing post-matric education,15,35,OBC,250000,Karnataka,Class 11 and above,All,"Tuition + maintenance allowance as per state norms",https://ssp.postmatrichrms.karnataka.gov.in,2026-11-30,unverified-review-before-use
SCH010,Tamil Nadu First Graduate Scholarship,State scheme supporting the first graduate in a family to pursue higher education in Tamil Nadu,17,30,All,200000,Tamil Nadu,Undergraduate,All,"Monthly stipend as per state norms",https://tnscholarship.tn.gov.in,2026-11-30,unverified-review-before-use